group,n_group,n_rest,mean_group,mean_rest,welch_t,welch_p,mannwhitney_p
Tech (IT),72,428,1.2714663779232973,0.9130431829955518,2.758413739183625,0.00719257300903696,0.008354929079028314
Small cap (bottom mcap quartile),125,375,0.7650427050715493,1.0311939290630132,-3.8572727937135816,0.00014578766497649317,0.0004215000570453718
High beta (top quartile),124,376,1.3554898836589189,0.8357641381884776,5.819732846003655,3.142137755303373e-08,1.1157091400701492e-08
